{
"Total Workout Time": {
  "(30 minutes)": 1,
  "(40 minutes)": 2,
  "(50 minutes)": 2,
  "(60 minutes)": 4,
  "(70 minutes)": 5,
  "(80 minutes)": 6,
  "(90 minutes)": 7,
  "(100 minutes)": 8,
  "(110 minutes)": 9,
  "(120 minutes)": 10,
  "(130 minutes)": 11,
  "(140 minutes)": 12,
  "(150 minutes)": 13
},
"Total Yoga Workouts": {
  "(5 Workouts)": 1,
  "(6 Workouts)": 2,
  "(7 Workouts)": 3,
  "(8 Workouts)": 4,
  "(9 Workouts)": 5,
  "(10 Workouts)": 6,
  "(11 Workouts)": 7,
  "(12 Workouts)": 8,
  "(13 Workouts)": 9,
  "(14 Workouts)": 10,
  "(15 Workouts)": 11,
  "(16 Workouts)": 12,
  "(17 Workouts)": 13,
  "(18 Workouts)": 14,
  "(19 Workouts)": 15,
  "(20 Workouts)": 16
}
}